{"val_acc":0,"_timestamp":1.738687134320328e+09,"val_loss":1.3946064710617065,"_wandb":{"runtime":3},"_step":2,"trainer/global_step":1,"_runtime":3.138974606,"epoch":0,"train_loss":1.6170272827148438}