{"train_loss": 0.6263399720191956, "epoch": 199, "trainer/global_step": 199, "_timestamp": 1738425649.7765107, "_runtime": 152.81627464294434, "_step": 399, "val_loss": 3.907494306564331, "val_acc": 0.0, "_wandb": {"runtime": 152}}