{"epoch":99,"trainer/global_step":99,"val_acc":0.3333333432674408,"_timestamp":1.7386639139748929e+09,"train_loss":0.6383516192436218,"_step":299,"epoch_avg_train_loss":0.6383516192436218,"_wandb":{"runtime":83},"val_loss":3.6204993724823,"_runtime":83.105286343}