{"trainer/global_step":299,"epoch":99,"val_loss":3.6952097415924072,"_runtime":306.800416393,"val_acc":0.3333333432674408,"_step":399,"train_loss":0.43313169479370117,"_wandb":{"runtime":307},"_timestamp":1.738580803567144e+09}