{"trainer/global_step":299,"_step":399,"epoch":99,"_wandb":{"runtime":294},"_timestamp":1.7385811695940943e+09,"_runtime":294.361574162,"val_loss":1.9192291498184204,"train_loss":0.7993869781494141,"val_acc":0.3333333432674408}