{"train_loss":NaN,"trainer/global_step":11399,"_step":11999,"val_loss":NaN,"epoch_avg_train_loss":NaN,"val_acc":0.35333332419395447,"_wandb":{"runtime":22455},"_timestamp":1.7386260604992383e+09,"epoch":299,"_runtime":22454.922497503}