{"_runtime":404.254663492,"_step":299,"val_acc":0,"_wandb":{"runtime":404},"trainer/global_step":199,"epoch":99,"val_loss":2.780900001525879,"train_loss":0.8269180059432983,"_timestamp":1.7385843550154402e+09}