{"trainer/global_step":0,"_wandb":{"runtime":3},"epoch":0,"_step":1,"_runtime":3.214727863,"val_acc":0,"train_loss":1.1671587228775024,"val_loss":1.2209622859954834,"_timestamp":1.7385998620798037e+09}