{"val_loss":1.057957649230957,"_runtime":337.831520786,"val_acc":0.3333333432674408,"epoch_avg_train_loss":1.0858234167099,"_wandb":{"runtime":338},"_step":1362,"train_loss":1.0852134227752686,"trainer/global_step":454,"_timestamp":1.738684943523847e+09,"epoch":454}