{"_runtime":73.545671763,"_step":299,"_timestamp":1.7386000060110698e+09,"train_loss":0.9481452107429504,"final_train_loss":0.9481452107429504,"trainer/global_step":99,"val_loss":1.5099531412124634,"epoch":99,"_wandb":{"runtime":73},"val_acc":0.3333333432674408}