{"epoch_avg_train_loss":NaN,"epoch":177,"trainer/global_step":177,"_step":531,"val_acc":0.6666666865348816,"_timestamp":1.7386849435781348e+09,"train_loss":NaN,"_runtime":206.410216413,"_wandb":{"runtime":206},"val_loss":NaN}