{"_runtime":371.644530924,"_wandb":{"runtime":372},"val_loss":3.1968822479248047,"_timestamp":1.738584312781444e+09,"train_loss":1.0022313594818115,"epoch":99,"val_acc":0.3333333432674408,"trainer/global_step":199,"_step":299}