{"val_acc":0.3333333432674408,"train_loss":1.130357027053833,"_step":299,"_timestamp":1.738584414765155e+09,"val_loss":1.273964285850525,"epoch":99,"_wandb":{"runtime":435},"trainer/global_step":199,"_runtime":434.983538613}